Seq_ID,Chromatin,Cytoplasm,Cytosol,Membrane,Nucleolus,Nucleoplasm,Nucleus
NCBI:122965328,0.17618133127689362,0.3465949296951294,0.7717183828353882,0.1401008665561676,0.25882530212402344,0.1742101013660431,0.9260754585266113
NCBI:100292680,0.34379568696022034,0.4398233890533447,0.9171141982078552,0.3811129033565521,0.4600614607334137,0.4363335371017456,0.9536891579627991
NCBI:100874156,0.09445265680551529,0.2970527410507202,0.7055832147598267,0.1479291468858719,0.17008259892463684,0.12131360918283463,0.7978533506393433
NCBI:105371967,0.08893128484487534,0.37868133187294006,0.7067611813545227,0.1255296915769577,0.15020427107810974,0.09991295635700226,0.8067685961723328
NCBI:255193,0.20722100138664246,0.43670135736465454,0.8234695196151733,0.22822211682796478,0.3719992935657501,0.2516288161277771,0.9420751929283142
NCBI:92070,0.40800946950912476,0.41676774621009827,0.9155676960945129,0.40059900283813477,0.45053207874298096,0.43510714173316956,0.9517010450363159
NCBI:103352539,0.16164112091064453,0.39073053002357483,0.7651119828224182,0.18746016919612885,0.22682717442512512,0.1862746924161911,0.8596241474151611
NCBI:105374149,0.18941837549209595,0.4056549370288849,0.8054277896881104,0.3325088918209076,0.308830201625824,0.273728609085083,0.8720320463180542
NCBI:101927492,0.1614759862422943,0.402981162071228,0.7561657428741455,0.23177501559257507,0.20695818960666656,0.1655251681804657,0.8278425335884094
NCBI:100505536,0.14764875173568726,0.3661074936389923,0.7839531302452087,0.19190871715545654,0.18859364092350006,0.1391126811504364,0.8736647367477417
NCBI:100506274,0.08634538948535919,0.3468994200229645,0.694452166557312,0.11629612743854523,0.164203479886055,0.09798967838287354,0.7876834273338318
NCBI:105374293,0.14939826726913452,0.4305630922317505,0.7659295797348022,0.17129388451576233,0.2216986119747162,0.13990893959999084,0.86101895570755
NCBI:2630,0.28339773416519165,0.4127884805202484,0.849402904510498,0.2511363625526428,0.4346497356891632,0.35273680090904236,0.933840811252594
NCBI:10824,0.1703142523765564,0.39465123414993286,0.7937371730804443,0.19331851601600647,0.21584109961986542,0.16745029389858246,0.8566399216651917
NCBI:101929243,0.3207486569881439,0.48134803771972656,0.878337025642395,0.4160583019256592,0.43639618158340454,0.4139192998409271,0.9430435299873352
NCBI:151877,0.4035877287387848,0.5253414511680603,0.8702025413513184,0.41928979754447937,0.47925877571105957,0.44913241267204285,0.9285244941711426
NCBI:619518,0.2505936026573181,0.38511884212493896,0.8443257212638855,0.2323758453130722,0.2934536933898926,0.25073108077049255,0.9210165739059448
NCBI:100132341,0.2424682229757309,0.36632248759269714,0.8491078615188599,0.2266567498445511,0.3269307017326355,0.252163827419281,0.9338669180870056
NCBI:101929144,0.19928471744060516,0.3959737718105316,0.7887428998947144,0.18870344758033752,0.2581469416618347,0.17345115542411804,0.898838222026825
NCBI:100505702,0.24508120119571686,0.3806973993778229,0.8093711733818054,0.2708393335342407,0.35376617312431335,0.3031572997570038,0.8633313179016113
NCBI:100144596,0.2355942577123642,0.4251677393913269,0.8395044207572937,0.24464023113250732,0.34995409846305847,0.2532069981098175,0.9385692477226257
NCBI:100874131,0.10707303881645203,0.2672762870788574,0.6447069048881531,0.1372721940279007,0.17948809266090393,0.14403267204761505,0.7276371121406555
NCBI:101928733,0.32159513235092163,0.4289820194244385,0.8677034974098206,0.34493520855903625,0.3841139078140259,0.3619150221347809,0.8998225331306458
NCBI:727758,0.41182491183280945,0.525295078754425,0.9369918704032898,0.6235077381134033,0.5830715298652649,0.5498325824737549,0.9479871988296509
NCBI:102467213,0.16618214547634125,0.3121771812438965,0.7479907274246216,0.2496640384197235,0.27807238698005676,0.21687082946300507,0.7711237668991089
NCBI:641365,0.21134713292121887,0.3989919424057007,0.7800299525260925,0.26982125639915466,0.3447909951210022,0.2964779734611511,0.8711464405059814
NCBI:123706549,0.09777620434761047,0.39745187759399414,0.7210798859596252,0.09313945472240448,0.16277655959129333,0.0935157835483551,0.8244869709014893
NCBI:643401,0.3854354918003082,0.4589392840862274,0.8870877027511597,0.4427585005760193,0.4114052951335907,0.41055983304977417,0.9175445437431335
NCBI:100506311,0.6368306875228882,0.5458770394325256,0.9648302793502808,0.7593199014663696,0.6452460885047913,0.6556249260902405,0.9720725417137146
NCBI:285154,0.1735326498746872,0.37033772468566895,0.7954772710800171,0.1625930368900299,0.21795879304409027,0.14155636727809906,0.864882230758667
NCBI:101929054,0.5705570578575134,0.5331373810768127,0.9409902095794678,0.6812302470207214,0.6777545213699341,0.6760740280151367,0.9620310664176941
NCBI:106660610,0.15896259248256683,0.3372018039226532,0.7318150401115417,0.11264222860336304,0.24454182386398315,0.161878764629364,0.9056758880615234
NCBI:123706507,0.40348756313323975,0.4885919690132141,0.8794522881507874,0.5297064185142517,0.43057435750961304,0.4257316589355469,0.9263428449630737
NCBI:100996288,0.2584264576435089,0.34851208329200745,0.8352985978126526,0.2348223328590393,0.29737532138824463,0.2445867359638214,0.9178775548934937
NCBI:100286925,0.3526799976825714,0.4246852993965149,0.9224697947502136,0.40939798951148987,0.5118675827980042,0.4916362762451172,0.9546777009963989
NCBI:101926966,0.3478161692619324,0.4542507529258728,0.899079442024231,0.40905648469924927,0.42684778571128845,0.3683913052082062,0.9501400589942932
NCBI:105377858,0.12921752035617828,0.27824875712394714,0.7069905400276184,0.17995887994766235,0.23050060868263245,0.1771543323993683,0.7424029111862183
NCBI:107986313,0.09784193336963654,0.3444439768791199,0.7207659482955933,0.13634347915649414,0.16922396421432495,0.11059457063674927,0.8198579549789429
NCBI:400027,0.618289053440094,0.5468499064445496,0.9599289894104004,0.7133671641349792,0.6810010671615601,0.706529438495636,0.968149721622467
NCBI:100507495,0.4291304647922516,0.4528335928916931,0.923702597618103,0.49132615327835083,0.46948757767677307,0.4777704179286957,0.9413171410560608
NCBI:101928797,0.14515848457813263,0.3301481604576111,0.7867347002029419,0.2178754359483719,0.21722978353500366,0.1900402456521988,0.8315918445587158
NCBI:105375929,0.07572168856859207,0.29065749049186707,0.6779349446296692,0.12413771450519562,0.14946429431438446,0.11047680675983429,0.7698082327842712
NCBI:102724190,0.25510862469673157,0.32823625206947327,0.8597985506057739,0.16983963549137115,0.2694489657878876,0.19510868191719055,0.9186578989028931
NCBI:101929470,0.10964205116033554,0.3572094440460205,0.7422616481781006,0.130109503865242,0.17788228392601013,0.11521228402853012,0.8108294010162354
NCBI:100996902,0.02620084397494793,0.40802812576293945,0.4804401397705078,0.034090109169483185,0.04367341101169586,0.022797588258981705,0.7407661080360413
NCBI:101928673,0.26267534494400024,0.399166464805603,0.8590432405471802,0.2528513967990875,0.3548746407032013,0.27876558899879456,0.9382913708686829
NCBI:101928000,0.43968722224235535,0.4685869514942169,0.9142138957977295,0.5301977396011353,0.4852024018764496,0.4887436330318451,0.9379170536994934
NCBI:100289650,0.19508567452430725,0.34369251132011414,0.7699152231216431,0.133835107088089,0.2681977450847626,0.1893632709980011,0.9131402969360352
NCBI:100506869,0.08790457248687744,0.38896945118904114,0.6488646864891052,0.201180100440979,0.16190214455127716,0.1017901599407196,0.8203474283218384
NCBI:339290,0.5896883606910706,0.5565705299377441,0.922545850276947,0.6334403157234192,0.6870004534721375,0.689935564994812,0.9462796449661255
NCBI:729522,0.392206609249115,0.4075729548931122,0.9219112396240234,0.41583937406539917,0.47643613815307617,0.4720020890235901,0.9564899206161499
NCBI:119545623,0.17692817747592926,0.4522743821144104,0.7348080277442932,0.23269803822040558,0.29634979367256165,0.22270089387893677,0.9172407388687134
NCBI:100874243,0.12281059473752975,0.3845617175102234,0.7377667427062988,0.1534808725118637,0.18633292615413666,0.13084286451339722,0.8188663721084595
NCBI:101926900,0.2343784123659134,0.3876141905784607,0.8058051466941833,0.25417813658714294,0.2842837870121002,0.23364783823490143,0.9028716683387756
NCBI:101929406,0.1556198000907898,0.38555166125297546,0.7646871209144592,0.1691090166568756,0.20501366257667542,0.1325332522392273,0.8797557950019836
NCBI:105370183,0.11078494787216187,0.36605823040008545,0.7240354418754578,0.1515483260154724,0.162993922829628,0.12188345193862915,0.846173882484436
NCBI:100507266,0.47177645564079285,0.5016356706619263,0.9235316514968872,0.549012303352356,0.575943112373352,0.5565243363380432,0.9520981311798096
NCBI:400866,0.19271355867385864,0.38480058312416077,0.7854540944099426,0.26885786652565,0.25985029339790344,0.2435493767261505,0.8558536171913147
NCBI:102724678,0.13314008712768555,0.36397361755371094,0.7074540853500366,0.1349330097436905,0.1910339891910553,0.1436803638935089,0.8666825890541077
NCBI:339874,0.2771386504173279,0.4564150869846344,0.8338149785995483,0.3519464433193207,0.42459896206855774,0.3562105894088745,0.9028211832046509
NCBI:439934,0.11053555458784103,0.3966370224952698,0.7377920746803284,0.0965469628572464,0.19514694809913635,0.11032808572053909,0.840401828289032
NCBI:618,0.22378799319267273,0.5198037624359131,0.771104633808136,0.400932639837265,0.2725240886211395,0.260571151971817,0.8631893396377563
NCBI:100507091,0.2429102212190628,0.3398475646972656,0.8248406648635864,0.1722925305366516,0.32118210196495056,0.24912308156490326,0.9293371438980103
NCBI:100507500,0.20728006958961487,0.3387795388698578,0.7820310592651367,0.14107441902160645,0.2962852120399475,0.21217253804206848,0.9171568155288696
NCBI:124901168,0.12651291489601135,0.4121425747871399,0.672721266746521,0.14945538341999054,0.16340257227420807,0.1432706117630005,0.8209826946258545
NCBI:100287616,0.53816157579422,0.5355662703514099,0.9571801424026489,0.6653280854225159,0.6315014958381653,0.6409763693809509,0.9644445776939392
NCBI:202020,0.49254149198532104,0.47423386573791504,0.9741388559341431,0.6499162316322327,0.6095976233482361,0.6329083442687988,0.9710238575935364
NCBI:118732299,0.3046969771385193,0.49866390228271484,0.9411514401435852,0.552176296710968,0.4959509074687958,0.4618300497531891,0.9530347585678101
NCBI:101927541,0.2679669260978699,0.4280059337615967,0.8140113353729248,0.310442715883255,0.34237250685691833,0.29428890347480774,0.9171251654624939
NCBI:100874117,0.07083375751972198,0.38761767745018005,0.678078830242157,0.05126914754509926,0.1399374008178711,0.07826852798461914,0.8597683310508728
NCBI:100505970,0.3104237914085388,0.4534072279930115,0.8504444360733032,0.35404354333877563,0.36139047145843506,0.3434523642063141,0.9241656064987183
NCBI:503569,0.4791279733181,0.5085542798042297,0.9175671339035034,0.5248642563819885,0.5424136519432068,0.5379311442375183,0.9545432329177856
NCBI:101927722,0.2080962061882019,0.3742523789405823,0.7926836013793945,0.2129514217376709,0.2765089273452759,0.22340282797813416,0.9257290959358215
NCBI:101927697,0.09440262615680695,0.3823555111885071,0.7443443536758423,0.11635968834161758,0.1523369401693344,0.10281822830438614,0.8428128361701965
NCBI:101927641,0.09177222102880478,0.32702213525772095,0.7377045154571533,0.11175757646560669,0.17892922461032867,0.09982852637767792,0.7982785701751709
NCBI:100126299,0.09766307473182678,0.5255029797554016,0.6565589308738708,0.30833327770233154,0.1415528506040573,0.12813323736190796,0.8062649369239807
NCBI:348761,0.3256581127643585,0.4062406122684479,0.8826421499252319,0.3415784239768982,0.4435662627220154,0.422458291053772,0.9434703588485718
NCBI:101928111,0.32975754141807556,0.5146016478538513,0.9539322257041931,0.6514261960983276,0.48730212450027466,0.45728132128715515,0.9417533874511719
NCBI:101927974,0.4009706974029541,0.47329390048980713,0.8852571249008179,0.5149773955345154,0.4193999469280243,0.4196869134902954,0.9252812266349792
NCBI:649133,0.1927017718553543,0.3857729434967041,0.8309627771377563,0.20040497183799744,0.24849003553390503,0.1872800886631012,0.8834908604621887
NCBI:285492,0.22058705985546112,0.3398091793060303,0.8219219446182251,0.17147691547870636,0.3014609217643738,0.23445793986320496,0.927341639995575
NCBI:100131176,0.2748328149318695,0.3861430585384369,0.8433143496513367,0.294493705034256,0.3349648714065552,0.2886227071285248,0.9307903051376343
NCBI:100288123,0.23717345297336578,0.47349298000335693,0.8716914653778076,0.3315192461013794,0.46816757321357727,0.3578030467033386,0.9306190013885498
NCBI:642924,0.5206041932106018,0.5298258662223816,0.9370282888412476,0.6035634875297546,0.6494407057762146,0.6276641488075256,0.9583530426025391
NCBI:100874110,0.11252741515636444,0.38681378960609436,0.7401734590530396,0.12401202321052551,0.17930923402309418,0.11046344041824341,0.8258498907089233
NCBI:101927472,0.19353143870830536,0.35995572805404663,0.7707346677780151,0.15451259911060333,0.2866685390472412,0.20293638110160828,0.9177606701850891
NCBI:101929467,0.1832365244626999,0.1913507729768753,0.6513208746910095,0.1407219022512436,0.24874994158744812,0.28793734312057495,0.7110854387283325
NCBI:729224,0.2062411904335022,0.4093237817287445,0.7854259014129639,0.25062233209609985,0.2954564094543457,0.22678130865097046,0.8631412386894226
NCBI:101927244,0.17506954073905945,0.32136961817741394,0.7936228513717651,0.2550334334373474,0.2692006230354309,0.2486959546804428,0.8284127712249756
NCBI:374987,0.517390787601471,0.4656260311603546,0.942184329032898,0.5787570476531982,0.5328419208526611,0.5747148990631104,0.9599307179450989
NCBI:414194,0.16643601655960083,0.3567241430282593,0.8152689337730408,0.252339631319046,0.26703980565071106,0.23051021993160248,0.8569999933242798
NCBI:284385,0.46169522404670715,0.5961576104164124,0.9190119504928589,0.6267186403274536,0.6293988227844238,0.5559924244880676,0.9483388662338257
NCBI:100507135,0.3120082914829254,0.4707518517971039,0.8863576054573059,0.45820918679237366,0.38310420513153076,0.3367520272731781,0.9079262018203735
NCBI:102724908,0.32654526829719543,0.4504157602787018,0.830874502658844,0.29109665751457214,0.36646783351898193,0.3138994574546814,0.8860335946083069
NCBI:100129858,0.1745147705078125,0.3875516355037689,0.814781904220581,0.22645258903503418,0.24617400765419006,0.19632230699062347,0.8620885014533997
NCBI:100113386,0.3213556110858917,0.4362184405326843,0.9092103242874146,0.3793693780899048,0.4889732599258423,0.4711332321166992,0.9469718337059021
NCBI:727982,0.20161999762058258,0.3836115598678589,0.8045057654380798,0.26093778014183044,0.30247247219085693,0.24897237122058868,0.8667972683906555
NCBI:401172,0.23848269879817963,0.3565457761287689,0.8300526738166809,0.20057903230190277,0.28745535016059875,0.2301071137189865,0.9179961085319519
NCBI:105372175,0.11997610330581665,0.2909248471260071,0.7135734558105469,0.16249080002307892,0.20330984890460968,0.15833081305027008,0.7804217338562012
NCBI:101928399,0.2761423885822296,0.37764719128608704,0.8404200077056885,0.22776561975479126,0.3783757984638214,0.333492249250412,0.9368884563446045
NCBI:283981,0.34592297673225403,0.5181704163551331,0.9685037136077881,0.533366322517395,0.5716710090637207,0.5660958290100098,0.9630191922187805
NCBI:101929412,0.2655545473098755,0.35694223642349243,0.8473119139671326,0.21810492873191833,0.31779029965400696,0.2737590968608856,0.9224558472633362
NCBI:100287098,0.19761618971824646,0.42580798268318176,0.7772054672241211,0.18454626202583313,0.3605031669139862,0.24622222781181335,0.9327574968338013
NCBI:101927324,0.2905711531639099,0.40843281149864197,0.8935236930847168,0.41722702980041504,0.3961799740791321,0.36701926589012146,0.9345998764038086
NCBI:100128640,0.3117845952510834,0.34923645853996277,0.8661233186721802,0.25495728850364685,0.32777127623558044,0.2862450182437897,0.9157243371009827
NCBI:101929663,0.06660688668489456,0.3033064007759094,0.6689752340316772,0.08330772817134857,0.15023481845855713,0.08444099873304367,0.7171921730041504
NCBI:105369911,0.1765354722738266,0.3724982440471649,0.8021145462989807,0.19516485929489136,0.24880240857601166,0.19473040103912354,0.8942790031433105
NCBI:100507389,0.07963185012340546,0.37070468068122864,0.7323107719421387,0.09742315858602524,0.1524953842163086,0.09273097664117813,0.8196157217025757
NCBI:389199,0.16671931743621826,0.5055139660835266,0.9061642289161682,0.39102527499198914,0.3755808174610138,0.28127720952033997,0.9224221110343933
NCBI:100128590,0.10879319161176682,0.2567318379878998,0.6810736060142517,0.1308300942182541,0.18490266799926758,0.15368713438510895,0.7402787208557129
NCBI:400655,0.42258426547050476,0.4426875114440918,0.9088723063468933,0.4578797519207001,0.47923073172569275,0.47779005765914917,0.9365097284317017
NCBI:100507388,0.16298943758010864,0.3366607129573822,0.7725440263748169,0.20935581624507904,0.24498294293880463,0.18663634359836578,0.8334158658981323
NCBI:102723742,0.1700967252254486,0.38637229800224304,0.7955730557441711,0.2336852252483368,0.21897846460342407,0.18139460682868958,0.8661331534385681
NCBI:285084,0.5676166415214539,0.5154809951782227,0.9456016421318054,0.6461222767829895,0.6041545271873474,0.6420111060142517,0.9610075354576111
NCBI:100506826,0.30454540252685547,0.42540067434310913,0.8367024660110474,0.3695249557495117,0.34958750009536743,0.33607712388038635,0.92750084400177
NCBI:29034,0.13226628303527832,0.2866837978363037,0.7058082818984985,0.17745982110500336,0.2063107043504715,0.18593013286590576,0.7906613945960999
NCBI:100506810,0.22264182567596436,0.4059937596321106,0.8005078434944153,0.18788619339466095,0.300763338804245,0.2376907914876938,0.8992162942886353
NCBI:101927015,0.09245642274618149,0.3819642961025238,0.7100601196289062,0.14885541796684265,0.1397600620985031,0.11274581402540207,0.7704776525497437
NCBI:105375616,0.17413759231567383,0.3915776014328003,0.7689232230186462,0.20759743452072144,0.21288257837295532,0.17150144279003143,0.8738768696784973
NCBI:101927120,0.1241120770573616,0.34719932079315186,0.7449817061424255,0.17554038763046265,0.20801109075546265,0.14662472903728485,0.8205199837684631
NCBI:121838,0.13044770061969757,0.40177565813064575,0.7567892074584961,0.1708645075559616,0.19336265325546265,0.13242290914058685,0.8428493142127991
NCBI:283856,0.5701884031295776,0.49428611993789673,0.9577595591545105,0.660696804523468,0.6339220404624939,0.6466319561004639,0.9668201208114624
NCBI:100874128,0.12157156318426132,0.27322036027908325,0.6940494179725647,0.15609192848205566,0.2134033441543579,0.16878743469715118,0.7330807447433472
NCBI:105379230,0.10227370262145996,0.3666194677352905,0.7214539051055908,0.12436201423406601,0.1625010371208191,0.11649612337350845,0.8407899737358093
NCBI:255130,0.3733920753002167,0.4850137233734131,0.8808624148368835,0.5098559260368347,0.47148457169532776,0.4716476500034332,0.9215174317359924
NCBI:441307,0.32720890641212463,0.46539583802223206,0.9375219345092773,0.40062013268470764,0.519294023513794,0.5091644525527954,0.9529017806053162
NCBI:100505633,0.17237800359725952,0.2961040735244751,0.7194750308990479,0.2712434232234955,0.2515477240085602,0.2604356110095978,0.7883312702178955
NCBI:102724368,0.1267537772655487,0.4410627782344818,0.7147996425628662,0.184841588139534,0.1942792683839798,0.12321498245000839,0.794863760471344
NCBI:101927808,0.2114015519618988,0.3955894112586975,0.8620967864990234,0.2778012156486511,0.3140455484390259,0.26795896887779236,0.8901203274726868
NCBI:283303,0.29545164108276367,0.5168957710266113,0.9417366981506348,0.5086439847946167,0.5507900714874268,0.45375192165374756,0.950480580329895
NCBI:644714,0.2833598554134369,0.41690880060195923,0.8732885122299194,0.30640867352485657,0.3413131535053253,0.3002391755580902,0.9100520014762878
NCBI:105370648,0.08304443955421448,0.3388301134109497,0.682372510433197,0.057636771351099014,0.16166378557682037,0.08700572699308395,0.8715626001358032
NCBI:100128252,0.5192472338676453,0.5576721429824829,0.9282791614532471,0.6349432468414307,0.5905321836471558,0.5698560476303101,0.9543123841285706
NCBI:128193290,0.28265517950057983,0.4240575432777405,0.8347928524017334,0.4037269055843353,0.31877219676971436,0.3170072138309479,0.8837096691131592
NCBI:105374728,0.07334712147712708,0.3512817919254303,0.7286676168441772,0.09018804877996445,0.14830967783927917,0.08244918286800385,0.8002557158470154
NCBI:401022,0.4861082136631012,0.47276243567466736,0.9449604749679565,0.5553565621376038,0.5437172055244446,0.5532546043395996,0.9588272571563721
NCBI:101930452,0.22706958651542664,0.4045308530330658,0.8148766756057739,0.2643517553806305,0.3058485984802246,0.2601471543312073,0.876130998134613
NCBI:100130197,0.08153913170099258,0.22741317749023438,0.6646510362625122,0.08232005685567856,0.15848585963249207,0.12981030344963074,0.6659854054450989
NCBI:100506668,0.21794769167900085,0.37274155020713806,0.8291672468185425,0.207755446434021,0.2766760289669037,0.2073650062084198,0.9256293773651123
NCBI:100505664,0.1812826693058014,0.33022722601890564,0.7983724474906921,0.1246752142906189,0.2853654623031616,0.1855868548154831,0.9278212189674377
NCBI:105371664,0.3073795735836029,0.40653499960899353,0.7853085398674011,0.34013044834136963,0.42695286870002747,0.3990246653556824,0.8576397895812988
NCBI:102724913,0.11166634410619736,0.22640012204647064,0.6401158571243286,0.15209949016571045,0.1836174726486206,0.18282188475131989,0.682641327381134
NCBI:101928794,0.26715025305747986,0.45508241653442383,0.8577947020530701,0.4409140646457672,0.36375492811203003,0.32927206158638,0.8991105556488037
NCBI:654780,0.3102417588233948,0.3675342798233032,0.917892336845398,0.34711024165153503,0.3966159522533417,0.3560316860675812,0.9480516910552979
NCBI:100996583,0.09923040121793747,0.41532787680625916,0.7193518877029419,0.12427056580781937,0.164732426404953,0.10117993503808975,0.8538151979446411
NCBI:84771,0.29157519340515137,0.40790852904319763,0.9133239388465881,0.3738471567630768,0.46191859245300293,0.42278966307640076,0.9479745626449585
NCBI:100134229,0.6502346992492676,0.5624973773956299,0.9796656966209412,0.7631515860557556,0.7130860090255737,0.7304472923278809,0.9762336611747742
NCBI:100288637,0.36961185932159424,0.4598420560359955,0.8388609886169434,0.3133511245250702,0.4267498552799225,0.38266104459762573,0.9024010896682739
NCBI:105377443,0.14543889462947845,0.2850794792175293,0.7330349087715149,0.2037152200937271,0.22429952025413513,0.20660053193569183,0.8013724088668823
NCBI:100134015,0.1985945999622345,0.37884265184402466,0.7961412668228149,0.16848643124103546,0.31941062211990356,0.2152208536863327,0.9319087266921997
NCBI:101927482,0.13695652782917023,0.23763015866279602,0.6955885887145996,0.17650428414344788,0.2045244574546814,0.21235430240631104,0.7687720060348511
NCBI:375133,0.4321706295013428,0.4866219460964203,0.9717121124267578,0.6647188067436218,0.6134949326515198,0.6052884459495544,0.9552593231201172
NCBI:100506211,0.3285306692123413,0.3779720067977905,0.9333859086036682,0.4128468930721283,0.48159241676330566,0.4796978235244751,0.9500155448913574
NCBI:100874194,0.24318882822990417,0.41950523853302,0.8471265435218811,0.3443191647529602,0.3070695400238037,0.28480884432792664,0.8860654234886169
NCBI:105371907,0.18432848155498505,0.39121195673942566,0.7760074734687805,0.16263529658317566,0.31290608644485474,0.22228068113327026,0.925757884979248
NCBI:401040,0.2683357000350952,0.3745275139808655,0.8376681208610535,0.2193668633699417,0.37850525975227356,0.3166416585445404,0.9386194348335266
NCBI:285286,0.25851452350616455,0.3844972848892212,0.8837887048721313,0.28789353370666504,0.3331296443939209,0.2996121346950531,0.9015126824378967
NCBI:100506599,0.21761246025562286,0.44132813811302185,0.801878035068512,0.23025304079055786,0.2620505690574646,0.2166590839624405,0.8914301991462708
NCBI:105373538,0.12008295208215714,0.33823275566101074,0.7534031867980957,0.1735680252313614,0.2046630084514618,0.14020243287086487,0.8435071706771851
NCBI:101928567,0.3322891592979431,0.464336633682251,0.8712393045425415,0.404661625623703,0.3658350110054016,0.3511224091053009,0.9164029955863953
NCBI:100287042,0.3288608193397522,0.3703339099884033,0.9211406707763672,0.3228706121444702,0.47994208335876465,0.48716267943382263,0.951042652130127
NCBI:101927989,0.2729848027229309,0.4002494812011719,0.844219982624054,0.2886365056037903,0.2770671546459198,0.24477286636829376,0.9141099452972412
NCBI:105378083,0.5160775184631348,0.5113075375556946,0.9496955871582031,0.5949013233184814,0.6153233647346497,0.618144690990448,0.9637485146522522
NCBI:105378744,0.08940651267766953,0.41288119554519653,0.707103967666626,0.1065644770860672,0.15445636212825775,0.08939088881015778,0.7980720400810242
NCBI:101927380,0.3535081148147583,0.5366684198379517,0.8846338987350464,0.5205301642417908,0.5850806832313538,0.5170414447784424,0.9199586510658264
NCBI:107987337,0.12911072373390198,0.3165455162525177,0.689917802810669,0.1676642894744873,0.236058309674263,0.15903548896312714,0.7392696738243103
NCBI:100874146,0.2652178108692169,0.40848401188850403,0.8262873291969299,0.3065953552722931,0.35693061351776123,0.3281073570251465,0.8856972455978394
NCBI:106144584,0.13785973191261292,0.31609851121902466,0.7141426205635071,0.1819429248571396,0.2456279695034027,0.17071163654327393,0.7542964816093445
NCBI:101928738,0.34492257237434387,0.4392312169075012,0.8915880918502808,0.3908677399158478,0.3870655298233032,0.36124253273010254,0.9498131275177002
NCBI:102723605,0.13387587666511536,0.23953577876091003,0.6984490752220154,0.15288300812244415,0.21434356272220612,0.2040875256061554,0.734115719795227
NCBI:100873970,0.09185914695262909,0.2865085303783417,0.6622441411018372,0.12592846155166626,0.1482773870229721,0.13088755309581757,0.7287240624427795
NCBI:101929746,0.14232739806175232,0.42101433873176575,0.773777425289154,0.1469576060771942,0.1959325224161148,0.140978142619133,0.8412176966667175
NCBI:101927417,0.2025061696767807,0.4585390090942383,0.7844694256782532,0.22776181995868683,0.25169339776039124,0.2247600555419922,0.9081394076347351
NCBI:105372281,0.3457125723361969,0.4512954652309418,0.9349120855331421,0.5237114429473877,0.4780288636684418,0.5068112015724182,0.943272054195404
NCBI:124904695,0.40095797181129456,0.47261860966682434,0.9038972854614258,0.5594707727432251,0.4713769257068634,0.4672587215900421,0.9231049418449402
NCBI:105371919,0.17260968685150146,0.3622560203075409,0.7444462776184082,0.11594336479902267,0.2783583700656891,0.1577775925397873,0.9141340851783752
NCBI:100303491,0.11726876348257065,0.43248504400253296,0.7014597654342651,0.18362084031105042,0.18931914865970612,0.13964931666851044,0.800240159034729
NCBI:285463,0.2821829319000244,0.3705065846443176,0.8587804436683655,0.23799040913581848,0.41064774990081787,0.3478676974773407,0.938807487487793
NCBI:107984918,0.24036794900894165,0.3879614472389221,0.8429591655731201,0.2627076208591461,0.30699294805526733,0.24164016544818878,0.9392207860946655
NCBI:100874056,0.2152271419763565,0.4513261020183563,0.8078367710113525,0.342193603515625,0.2523774802684784,0.21085385978221893,0.8595892190933228
NCBI:93556,0.48787620663642883,0.5279737114906311,0.9388816356658936,0.5883108377456665,0.5933229923248291,0.5905759334564209,0.9579904675483704
NCBI:100131315,0.159672811627388,0.4549925625324249,0.8825216293334961,0.33605653047561646,0.35748425126075745,0.26516470313072205,0.9245450496673584
NCBI:101927125,0.26348966360092163,0.46536189317703247,0.8337761759757996,0.3423137664794922,0.4050487279891968,0.36537396907806396,0.9396304488182068
NCBI:123706506,0.30288106203079224,0.42618343234062195,0.8677865266799927,0.30504751205444336,0.405648797750473,0.3533286154270172,0.9456596374511719
NCBI:115308161,0.4855865240097046,0.5821730494499207,0.9483214616775513,0.6761936545372009,0.5983971953392029,0.5513251423835754,0.9681748747825623
NCBI:101929634,0.5264609456062317,0.552302896976471,0.9233769178390503,0.5575606226921082,0.617877721786499,0.6281556487083435,0.9558345079421997
NCBI:112588022,0.20607271790504456,0.43204623460769653,0.806565523147583,0.2578541040420532,0.2911863327026367,0.24435265362262726,0.8757506608963013
NCBI:105369739,0.11835485696792603,0.37852951884269714,0.7163234353065491,0.1438397318124771,0.17671240866184235,0.12509411573410034,0.830640435218811
NCBI:102724710,0.08467090129852295,0.3443503975868225,0.7129673361778259,0.12998662889003754,0.17448599636554718,0.10659733414649963,0.7644144892692566
NCBI:100233209,0.2964138388633728,0.44192448258399963,0.8484079241752625,0.3409213721752167,0.3513086438179016,0.318521112203598,0.8970807194709778
NCBI:101929238,0.15045586228370667,0.27191901206970215,0.7290411591529846,0.17578527331352234,0.2352992445230484,0.1918921321630478,0.7772490978240967
NCBI:100287559,0.310655415058136,0.4555967152118683,0.8830001950263977,0.33943668007850647,0.41129249334335327,0.3693465292453766,0.9449372887611389
NCBI:118827809,0.1220514252781868,0.3887476623058319,0.7724583745002747,0.10911618918180466,0.18990673124790192,0.10708516091108322,0.8634093999862671
NCBI:113523640,0.4344964325428009,0.48869630694389343,0.8827852606773376,0.5298258662223816,0.45282527804374695,0.4607689380645752,0.9209226369857788
NCBI:105376462,0.2882353663444519,0.4200637638568878,0.8618882298469543,0.37222814559936523,0.3774743378162384,0.3378811478614807,0.8894075155258179
NCBI:105463123,0.18999843299388885,0.2036309838294983,0.69899982213974,0.16516165435314178,0.26380327343940735,0.27817124128341675,0.6646643877029419
NCBI:105369850,0.25674593448638916,0.3776598572731018,0.8243755102157593,0.3158349096775055,0.35649675130844116,0.2937561273574829,0.8820214867591858
NCBI:100874034,0.3816651701927185,0.47964680194854736,0.934881865978241,0.5307474732398987,0.4858648478984833,0.4872486889362335,0.9547708630561829
NCBI:25775,0.23387959599494934,0.388312429189682,0.7979920506477356,0.201931431889534,0.326774537563324,0.24884438514709473,0.9246396422386169
NCBI:284757,0.3074589669704437,0.415921151638031,0.8861036896705627,0.3171175718307495,0.4121389091014862,0.3425040543079376,0.9413275122642517
NCBI:170393,0.19781504571437836,0.3958497941493988,0.7978904843330383,0.17859141528606415,0.34768733382225037,0.24510297179222107,0.9284350275993347
NCBI:101928008,0.15452156960964203,0.23099324107170105,0.6950088143348694,0.16150140762329102,0.24245434999465942,0.21570025384426117,0.7332690358161926
NCBI:285033,0.3750465214252472,0.37358567118644714,0.945881187915802,0.41469037532806396,0.5017279982566833,0.5278112292289734,0.9646212458610535
NCBI:101929095,0.22017954289913177,0.42380863428115845,0.7533794045448303,0.3085581362247467,0.24772316217422485,0.23684538900852203,0.8521436452865601
NCBI:100505984,0.11229880899190903,0.3450317680835724,0.7099992036819458,0.1809007227420807,0.18161912262439728,0.1328212320804596,0.7974944710731506
NCBI:283687,0.38888150453567505,0.5228778123855591,0.92336505651474,0.46927547454833984,0.5267901420593262,0.5090447068214417,0.95732182264328
NCBI:285708,0.2944130301475525,0.4570152461528778,0.8349973559379578,0.32161349058151245,0.36637669801712036,0.3162883520126343,0.9038406014442444
NCBI:101409253,0.11678516119718552,0.4153604507446289,0.7454215288162231,0.10984640568494797,0.18467660248279572,0.11941023170948029,0.8562569618225098
NCBI:349408,0.26753324270248413,0.4778856635093689,0.8363770842552185,0.3209027945995331,0.308185338973999,0.27543723583221436,0.8944863080978394
NCBI:100289274,0.49536335468292236,0.5528870224952698,0.9431840181350708,0.6566379070281982,0.6439034342765808,0.6262950897216797,0.9577475190162659
NCBI:106144535,0.05589810013771057,0.3380347192287445,0.6888611912727356,0.059889115393161774,0.12037491053342819,0.05892690643668175,0.7277572751045227
NCBI:100188954,0.18853995203971863,0.3742671310901642,0.8125232458114624,0.23244957625865936,0.267673134803772,0.2294209897518158,0.8572373390197754
NCBI:101928113,0.3062129318714142,0.46338045597076416,0.8429930806159973,0.4279251992702484,0.3968448340892792,0.37691861391067505,0.8979635834693909
NCBI:101805491,0.08671059459447861,0.2382923662662506,0.6398646831512451,0.08897636085748672,0.1678926795721054,0.11751821637153625,0.7058793306350708
NCBI:100271836,0.577679455280304,0.5894894599914551,0.9042399525642395,0.6199712753295898,0.6481562256813049,0.6531433463096619,0.941670835018158
NCBI:112268243,0.32954418659210205,0.4429582953453064,0.8694965839385986,0.39405518770217896,0.3701293170452118,0.35428163409233093,0.9088689684867859
NCBI:106480334,0.5687050223350525,0.5176188945770264,0.9551376104354858,0.6772847771644592,0.6170352697372437,0.6583045125007629,0.9662183523178101
NCBI:105371653,0.10070750117301941,0.389163076877594,0.7446061968803406,0.11170652508735657,0.158767431974411,0.0977637842297554,0.839847207069397
NCBI:105369758,0.35078126192092896,0.5076550841331482,0.923031210899353,0.4604591429233551,0.5657309889793396,0.5029093623161316,0.9521005749702454
NCBI:105372233,0.6440187096595764,0.5852980613708496,0.9444572329521179,0.7180353403091431,0.6743363738059998,0.7039821743965149,0.9664992094039917
NCBI:105375261,0.46838369965553284,0.472359836101532,0.9050739407539368,0.5602856278419495,0.4705679714679718,0.4645804166793823,0.9194552898406982
NCBI:100505761,0.5592101216316223,0.587493896484375,0.9277769923210144,0.6333667635917664,0.6226646304130554,0.619360089302063,0.9633951187133789
NCBI:100131138,0.20558394491672516,0.503789484500885,0.8001313805580139,0.2993466556072235,0.27789223194122314,0.2149314135313034,0.9015199542045593
NCBI:106478956,0.21357309818267822,0.3448750376701355,0.818033754825592,0.1676851511001587,0.30798113346099854,0.21651317179203033,0.9248621463775635
NCBI:400456,0.4129173755645752,0.5379696488380432,0.8904633522033691,0.582911491394043,0.5600675940513611,0.5274839997291565,0.9291683435440063
NCBI:285548,0.5170228481292725,0.5992761850357056,0.9465174078941345,0.6644190549850464,0.6544839143753052,0.5883954167366028,0.9660555124282837
NCBI:100873989,0.27634575963020325,0.3702196180820465,0.7660433053970337,0.2986348569393158,0.36745867133140564,0.32492905855178833,0.8316746950149536
NCBI:152274,0.257653146982193,0.37054741382598877,0.8406260013580322,0.21103627979755402,0.3420261740684509,0.2816108167171478,0.9270329475402832
NCBI:100775104,0.35138005018234253,0.5018316507339478,0.9131411910057068,0.5204692482948303,0.542527973651886,0.4998323917388916,0.9395967721939087
NCBI:283710,0.2959856688976288,0.4077235162258148,0.8755908608436584,0.34918081760406494,0.3517783582210541,0.30950936675071716,0.9419390559196472
NCBI:100652909,0.35217514634132385,0.5147862434387207,0.8883635997772217,0.45768678188323975,0.49845173954963684,0.3981831967830658,0.949527382850647
NCBI:101927650,0.10822854936122894,0.32613158226013184,0.758985698223114,0.16003182530403137,0.17322640120983124,0.14073200523853302,0.8397141098976135
NCBI:100507194,0.12946799397468567,0.364838570356369,0.7423252463340759,0.1728641390800476,0.1833544373512268,0.14176978170871735,0.8345058560371399
NCBI:386627,0.437622994184494,0.5119773149490356,0.891395092010498,0.44663098454475403,0.49180367588996887,0.476047158241272,0.928749144077301
NCBI:100505683,0.5764431953430176,0.4982760548591614,0.9296940565109253,0.712598979473114,0.5880430936813354,0.6227748394012451,0.9391893148422241
NCBI:100506655,0.31075018644332886,0.38823840022087097,0.8908793330192566,0.3157939910888672,0.3573377728462219,0.32612431049346924,0.940269947052002
NCBI:100288730,0.5807442665100098,0.5283042192459106,0.9767341613769531,0.7330300211906433,0.6382348537445068,0.6702885627746582,0.9747086763381958
NCBI:101928477,0.15800772607326508,0.3438681960105896,0.7329875826835632,0.20755131542682648,0.2546035051345825,0.218978613615036,0.8200730085372925
NCBI:339192,0.25968343019485474,0.4345610439777374,0.947363018989563,0.5353854298591614,0.43661195039749146,0.3853038251399994,0.9450576901435852
NCBI:105377585,0.34694144129753113,0.47853851318359375,0.8868089914321899,0.45997700095176697,0.4100450873374939,0.3924213647842407,0.9296892881393433
NCBI:100506776,0.24979589879512787,0.40640270709991455,0.8395626544952393,0.2720376253128052,0.2947279214859009,0.2602674663066864,0.8862295746803284
NCBI:100128260,0.41704776883125305,0.49428361654281616,0.9222737550735474,0.547111988067627,0.4677897095680237,0.45236364006996155,0.9592399597167969
NCBI:64595,0.32908129692077637,0.4413091838359833,0.8230530023574829,0.36136654019355774,0.4347493648529053,0.3770216703414917,0.8825787305831909
NCBI:101927142,0.20057052373886108,0.355805367231369,0.8040080070495605,0.20505888760089874,0.26326414942741394,0.2136833816766739,0.9001867175102234
NCBI:102723590,0.16248725354671478,0.3530658781528473,0.7660263776779175,0.15736989676952362,0.22829310595989227,0.1630018651485443,0.9034669995307922
NCBI:79104,0.2243194431066513,0.3980197608470917,0.8096305727958679,0.1987878680229187,0.26559120416641235,0.2042594701051712,0.885057806968689
NCBI:101928336,0.325714647769928,0.40459346771240234,0.8934717774391174,0.3342674672603607,0.4005303382873535,0.37854576110839844,0.9486826658248901
NCBI:100859930,0.35754337906837463,0.5037323832511902,0.9284868836402893,0.5333348512649536,0.5063128471374512,0.443204790353775,0.9560914635658264
NCBI:25786,0.31657710671424866,0.39744266867637634,0.8855352401733398,0.32597073912620544,0.3866554796695709,0.36527523398399353,0.9336864352226257
NCBI:100127888,0.24641317129135132,0.47306180000305176,0.8856330513954163,0.3378121852874756,0.4048924446105957,0.2772805094718933,0.94608473777771
NCBI:400804,0.18490776419639587,0.4131329357624054,0.7624948024749756,0.22055025398731232,0.2703774571418762,0.20500028133392334,0.8542783856391907
NCBI:100874322,0.12822997570037842,0.33805611729621887,0.7586347460746765,0.1749401092529297,0.1980978548526764,0.13969871401786804,0.8119566440582275
NCBI:101927608,0.23766517639160156,0.42318907380104065,0.8221030235290527,0.3042372465133667,0.36051541566848755,0.3139316141605377,0.9367951154708862
NCBI:105376662,0.08780990540981293,0.25335514545440674,0.6715728044509888,0.12730485200881958,0.16926971077919006,0.1396753042936325,0.7486301064491272
NCBI:650655,0.3690253794193268,0.37979966402053833,0.9317613244056702,0.41619738936424255,0.47752645611763,0.4831307530403137,0.9539769291877747
NCBI:102723824,0.22968235611915588,0.4451389014720917,0.8268058896064758,0.26555007696151733,0.27930948138237,0.23488900065422058,0.9073703289031982
NCBI:100130557,0.6135284900665283,0.5106719732284546,0.9448572397232056,0.6632078289985657,0.6218813061714172,0.647705078125,0.9580010771751404
NCBI:105369558,0.16753838956356049,0.4257994592189789,0.779460072517395,0.17423614859580994,0.24245916306972504,0.1599310040473938,0.8852194547653198
NCBI:100874096,0.03957771137356758,0.35526368021965027,0.6490652561187744,0.03256754204630852,0.08543986082077026,0.04283129423856735,0.7714218497276306
NCBI:111064646,0.43089771270751953,0.5013604760169983,0.9021364450454712,0.44984450936317444,0.5170848369598389,0.4995449185371399,0.9515125751495361
NCBI:106478991,0.21826621890068054,0.4044000506401062,0.8034478425979614,0.3049757778644562,0.266506165266037,0.24737970530986786,0.8542028665542603
NCBI:266553,0.13154107332229614,0.3450174927711487,0.7569387555122375,0.18029911816120148,0.20148877799510956,0.15143395960330963,0.8339416980743408
NCBI:100129620,0.32725656032562256,0.456462025642395,0.908562958240509,0.4408993721008301,0.45873403549194336,0.4280582666397095,0.933016836643219
NCBI:101927149,0.1977555900812149,0.3500208556652069,0.7985742688179016,0.17111174762248993,0.28010478615760803,0.1991412192583084,0.9280726909637451
NCBI:100506126,0.08202138543128967,0.3891391158103943,0.7197754979133606,0.10959354043006897,0.13996762037277222,0.08496309816837311,0.8105798363685608
NCBI:129810495,0.5493662357330322,0.5731927156448364,0.9718157649040222,0.7435592412948608,0.6827058792114258,0.6320663094520569,0.9719727635383606
NCBI:100129195,0.41533759236335754,0.4604448080062866,0.9084742665290833,0.47176074981689453,0.46678587794303894,0.459229439496994,0.9304733276367188
NCBI:105372730,0.11936052143573761,0.47972869873046875,0.716414213180542,0.1277576982975006,0.18518826365470886,0.11448932439088821,0.8786687254905701
NCBI:100131825,0.2810991406440735,0.4243736267089844,0.8338461518287659,0.23873142898082733,0.359855055809021,0.2940139174461365,0.9292752146720886
NCBI:105377373,0.10547123104333878,0.3466130197048187,0.6964842677116394,0.15274836122989655,0.17491286993026733,0.12650549411773682,0.7977902293205261
NCBI:100507373,0.3242305517196655,0.4055604636669159,0.8875821232795715,0.3304597735404968,0.41798242926597595,0.39089950919151306,0.945368230342865
NCBI:112267871,0.37580984830856323,0.5514037013053894,0.9260475039482117,0.5522085428237915,0.516518235206604,0.43833279609680176,0.9626253247261047
NCBI:101929452,0.1046169102191925,0.35209333896636963,0.7093812227249146,0.10329876840114594,0.1833130121231079,0.11235541105270386,0.8035464882850647
NCBI:100506409,0.5795320868492126,0.5582558512687683,0.946367084980011,0.6710248589515686,0.6848961710929871,0.6800580024719238,0.9632881283760071
NCBI:101929626,0.0881931334733963,0.34884411096572876,0.6845775246620178,0.12030334770679474,0.14425738155841827,0.11055946350097656,0.762678325176239
NCBI:104266958,0.11381714791059494,0.40979230403900146,0.7235793471336365,0.14285366237163544,0.17732320725917816,0.1150854229927063,0.8157772421836853
NCBI:283440,0.26310986280441284,0.38873904943466187,0.8441826105117798,0.281451016664505,0.35771873593330383,0.31225210428237915,0.9301052689552307
NCBI:119545626,0.3054449260234833,0.39335840940475464,0.8984660506248474,0.36851415038108826,0.40071484446525574,0.3727472424507141,0.9466403722763062
NCBI:105370683,0.22545841336250305,0.43428367376327515,0.8616542220115662,0.302232563495636,0.35405123233795166,0.26830825209617615,0.9384890198707581
NCBI:100506271,0.1752435863018036,0.411697655916214,0.7829018831253052,0.18298061192035675,0.24528168141841888,0.17699873447418213,0.9002004861831665
NCBI:100133123,0.08184387534856796,0.3493298292160034,0.7241236567497253,0.11586195975542068,0.15387499332427979,0.09181095659732819,0.7728821635246277
NCBI:107986063,0.22549785673618317,0.40114539861679077,0.7678232789039612,0.1683858186006546,0.33784544467926025,0.23813261091709137,0.9130805730819702
NCBI:100505685,0.2436017096042633,0.43217453360557556,0.8206124305725098,0.3200992941856384,0.3692359924316406,0.3207683563232422,0.8960968255996704
NCBI:103021165,0.06744813919067383,0.39168134331703186,0.6804612278938293,0.059576597064733505,0.12373682111501694,0.06815681606531143,0.8217076659202576
NCBI:102546175,0.10243294388055801,0.3793834447860718,0.7261513471603394,0.15407095849514008,0.15976159274578094,0.11098940670490265,0.7931333184242249
NCBI:105376606,0.1184658408164978,0.23418432474136353,0.6879343390464783,0.12413358688354492,0.1934266984462738,0.1862071007490158,0.7317128777503967
NCBI:105375304,0.2962140440940857,0.4697820544242859,0.9008026719093323,0.47670161724090576,0.40502992272377014,0.3742853105068207,0.9233813881874084
NCBI:105377247,0.17076542973518372,0.3034881055355072,0.7219701409339905,0.274746298789978,0.254179984331131,0.25419220328330994,0.7695537209510803
NCBI:101928424,0.26071733236312866,0.3797811269760132,0.8270376324653625,0.38244521617889404,0.36427178978919983,0.3598020672798157,0.8696066737174988
NCBI:285834,0.19361145794391632,0.3484525680541992,0.7692686319351196,0.14253264665603638,0.26698362827301025,0.17835396528244019,0.9052261114120483
NCBI:101927051,0.2525121867656708,0.43293020129203796,0.8237317204475403,0.23440207540988922,0.39599883556365967,0.31034180521965027,0.9401023983955383
NCBI:107987127,0.4372856020927429,0.48259976506233215,0.9166146516799927,0.5505974888801575,0.4975649118423462,0.5017842650413513,0.9500580430030823
NCBI:105376468,0.07769177109003067,0.39446067810058594,0.6999553442001343,0.1115080788731575,0.1272267997264862,0.07345402985811234,0.7668525576591492
NCBI:100506443,0.17200767993927002,0.3835005760192871,0.7428866028785706,0.14145377278327942,0.27281904220581055,0.18816888332366943,0.9147619009017944
NCBI:100129129,0.4574981927871704,0.47508639097213745,0.9265579581260681,0.5671829581260681,0.5265833735466003,0.5477606654167175,0.9552412629127502
NCBI:101927167,0.535588264465332,0.48160314559936523,0.9717001914978027,0.6678965091705322,0.6482506990432739,0.6539668440818787,0.9722919464111328
NCBI:101927280,0.13289344310760498,0.3643571734428406,0.7407733798027039,0.17404833436012268,0.21534597873687744,0.1528761088848114,0.8365316987037659
NCBI:339505,0.22573895752429962,0.3624778985977173,0.7948014736175537,0.15434032678604126,0.29365694522857666,0.22064006328582764,0.9133630990982056
NCBI:107986046,0.28800588846206665,0.4526869058609009,0.8672863841056824,0.3523806631565094,0.3587590754032135,0.3267703652381897,0.9128875732421875
NCBI:126536,0.2914430499076843,0.39273151755332947,0.8573392033576965,0.27702412009239197,0.42927688360214233,0.3757573366165161,0.9366731643676758
NCBI:400236,0.36345529556274414,0.5030180215835571,0.9342432022094727,0.543190598487854,0.49856775999069214,0.446556031703949,0.9591038227081299
NCBI:645426,0.24648916721343994,0.457130491733551,0.9223526120185852,0.4535592496395111,0.44072601199150085,0.3677845299243927,0.9351920485496521
NCBI:85495,0.05172400176525116,0.5338348150253296,0.6261392831802368,0.06616143882274628,0.14970660209655762,0.0690765231847763,0.8765985369682312
NCBI:105372703,0.23754243552684784,0.365974098443985,0.8502537608146667,0.21367676556110382,0.2745435833930969,0.22729285061359406,0.9096787571907043
NCBI:100132215,0.5416934490203857,0.5000070333480835,0.9472453594207764,0.6338844299316406,0.5142083168029785,0.5282488465309143,0.9608669877052307
NCBI:105370646,0.15392765402793884,0.4180133044719696,0.7293186187744141,0.23766762018203735,0.22143682837486267,0.18039430677890778,0.8054086565971375
NCBI:101927217,0.11644702404737473,0.2831137478351593,0.720820963382721,0.14180244505405426,0.23860029876232147,0.15708357095718384,0.758988618850708
NCBI:80154,0.3382904827594757,0.397480845451355,0.9263468384742737,0.3901747763156891,0.48098039627075195,0.48179084062576294,0.9519859552383423
NCBI:200261,0.18206340074539185,0.3697875738143921,0.7671690583229065,0.1317029595375061,0.3048170804977417,0.1999976485967636,0.9229592680931091
NCBI:653687,0.6202317476272583,0.5467209815979004,0.960004985332489,0.7067148685455322,0.6750406622886658,0.6908332109451294,0.9705027937889099
NCBI:101928069,0.24700720608234406,0.40814492106437683,0.9403098821640015,0.45690298080444336,0.43336132168769836,0.3867122232913971,0.9460747241973877
NCBI:256236,0.23872235417366028,0.43216824531555176,0.8126314878463745,0.2532241940498352,0.3825358748435974,0.3041935861110687,0.9423683881759644
NCBI:100507218,0.28993910551071167,0.32291412353515625,0.8754913806915283,0.25526466965675354,0.30872076749801636,0.25114214420318604,0.9111724495887756
NCBI:105378049,0.0810069665312767,0.29942944645881653,0.6966129541397095,0.13911719620227814,0.14875802397727966,0.11444208025932312,0.7844482064247131
NCBI:730092,0.12620101869106293,0.34925132989883423,0.7324157357215881,0.19346167147159576,0.2043561488389969,0.1466708928346634,0.8128149509429932
NCBI:101926904,0.1088058352470398,0.3333812355995178,0.7232624292373657,0.18372073769569397,0.191033273935318,0.1488875448703766,0.7965788245201111
NCBI:100874365,0.21094976365566254,0.4912477135658264,0.8274914622306824,0.3256918787956238,0.25480979681015015,0.23604266345500946,0.8890412449836731
NCBI:100507171,0.5477494597434998,0.5016732811927795,0.9416215419769287,0.5979136824607849,0.5961837768554688,0.6141659617424011,0.9574927091598511
NCBI:100873165,0.19411379098892212,0.3634614646434784,0.8066460490226746,0.1883048117160797,0.23019899427890778,0.1920868456363678,0.8737152218818665
NCBI:102723442,0.29208531975746155,0.43104255199432373,0.8660923838615417,0.2840750813484192,0.33046478033065796,0.2902512550354004,0.9180456399917603
NCBI:100132234,0.3917442262172699,0.508756697177887,0.9245746731758118,0.467450886964798,0.5510485768318176,0.5291202664375305,0.9594944715499878
NCBI:100506691,0.27391481399536133,0.3933340907096863,0.8465294241905212,0.290652334690094,0.34565675258636475,0.29918357729911804,0.9293822646141052
NCBI:105377633,0.6116672158241272,0.5641053318977356,0.9356846213340759,0.6562643051147461,0.637624204158783,0.6501147747039795,0.9589242339134216
NCBI:104355220,0.13241903483867645,0.3793788552284241,0.738247275352478,0.07993846386671066,0.29805296659469604,0.15582814812660217,0.9194618463516235
NCBI:111082989,0.2583564817905426,0.4504801630973816,0.9513305425643921,0.5529251098632812,0.46903207898139954,0.4460609555244446,0.9372360706329346
NCBI:100505869,0.19888852536678314,0.3952244818210602,0.796180784702301,0.2236500233411789,0.2517703175544739,0.1944994181394577,0.8393301367759705
NCBI:100129066,0.2631677985191345,0.39373478293418884,0.8332940340042114,0.23353561758995056,0.34721869230270386,0.2703617811203003,0.9341911673545837
NCBI:105375606,0.13537965714931488,0.4151902198791504,0.724190354347229,0.18813155591487885,0.2448650300502777,0.1755501627922058,0.8890836238861084
NCBI:100887755,0.19133183360099792,0.44467467069625854,0.8074318170547485,0.24842968583106995,0.24376775324344635,0.19048483669757843,0.858913779258728
NCBI:105370431,0.11152856796979904,0.24002623558044434,0.6555507183074951,0.1284109652042389,0.18534933030605316,0.15968893468379974,0.7616588473320007
NCBI:105374250,0.20125789940357208,0.39445367455482483,0.7822433710098267,0.21721291542053223,0.2932851314544678,0.22722573578357697,0.9168314337730408
NCBI:401337,0.1523488461971283,0.3864421248435974,0.7745060920715332,0.21456369757652283,0.2636922597885132,0.21892516314983368,0.864065408706665
NCBI:100132923,0.3443968594074249,0.45262983441352844,0.9309465885162354,0.4968584477901459,0.48923367261886597,0.4470718801021576,0.9466797709465027
NCBI:105378753,0.38018959760665894,0.514796257019043,0.9294893741607666,0.5049558281898499,0.5420377254486084,0.4664449691772461,0.9604062438011169
NCBI:100996541,0.40735194087028503,0.5009763240814209,0.9294822812080383,0.5611791610717773,0.5242539048194885,0.5130758881568909,0.9536712765693665
NCBI:440253,0.4767712354660034,0.5455919504165649,0.8561034202575684,0.5451369285583496,0.6162109375,0.6062064170837402,0.9181890487670898
NCBI:101927249,0.2693104147911072,0.4487133324146271,0.8355932235717773,0.2688386142253876,0.32249921560287476,0.2957533895969391,0.8888269066810608
NCBI:105377165,0.1505861133337021,0.35654598474502563,0.7548243999481201,0.19562646746635437,0.20819714665412903,0.16193482279777527,0.8219155073165894
NCBI:107986389,0.14723128080368042,0.40504491329193115,0.7796270251274109,0.15621311962604523,0.19748246669769287,0.1484985500574112,0.8454625010490417
NCBI:643714,0.2986198663711548,0.4556232988834381,0.8385665416717529,0.35236647725105286,0.34098461270332336,0.3181658089160919,0.8909153938293457
NCBI:105375666,0.40639400482177734,0.5610603094100952,0.9023422002792358,0.6021897792816162,0.6080206632614136,0.5678433775901794,0.9412087798118591
NCBI:100874024,0.13502611219882965,0.3929446041584015,0.7301478981971741,0.1262182891368866,0.19858115911483765,0.1375250220298767,0.8667983412742615
NCBI:103695436,0.12659341096878052,0.3697502017021179,0.7251567244529724,0.09361100196838379,0.20761702954769135,0.130836620926857,0.8878971338272095
NCBI:101926967,0.5010281205177307,0.5314967632293701,0.9011247158050537,0.5507852435112,0.5327021479606628,0.5357523560523987,0.9469050168991089
NCBI:101929080,0.09972239285707474,0.391830712556839,0.7242263555526733,0.08313397318124771,0.19596318900585175,0.11113014072179794,0.8938114047050476
NCBI:105372419,0.19407540559768677,0.34786999225616455,0.7881680130958557,0.1737060397863388,0.2850920855998993,0.20308616757392883,0.9115799069404602
NCBI:105370471,0.19138523936271667,0.37499433755874634,0.7789362668991089,0.26444894075393677,0.26764199137687683,0.24868351221084595,0.8434467315673828
NCBI:441884,0.17578434944152832,0.391277015209198,0.8012780547142029,0.21044299006462097,0.22379733622074127,0.16333115100860596,0.8885692954063416
NCBI:285696,0.5072508454322815,0.4342805743217468,0.9426798224449158,0.5142993927001953,0.5169916152954102,0.5575971603393555,0.9562941193580627
NCBI:606553,0.27940866351127625,0.4875735938549042,0.8291869163513184,0.3183293342590332,0.3132875859737396,0.30225828289985657,0.911936342716217
NCBI:100873940,0.17897257208824158,0.4073106646537781,0.7684093713760376,0.1926145851612091,0.24945847690105438,0.1833505630493164,0.8935540914535522
NCBI:100128511,0.09942492097616196,0.47872596979141235,0.8722473978996277,0.4154648780822754,0.1687125861644745,0.17488664388656616,0.744708776473999
NCBI:100506897,0.16655367612838745,0.37755176424980164,0.7798724174499512,0.27447712421417236,0.24239389598369598,0.21508750319480896,0.8355344533920288
NCBI:102725509,0.2564162015914917,0.4650459289550781,0.8297141790390015,0.31530940532684326,0.29417893290519714,0.2514406442642212,0.8986765146255493
NCBI:388182,0.3904792070388794,0.4612133800983429,0.8965116143226624,0.40950700640678406,0.4712212383747101,0.45850107073783875,0.9485880732536316
NCBI:105378763,0.15072156488895416,0.30155953764915466,0.7948927283287048,0.1991909146308899,0.20803752541542053,0.16258372366428375,0.8309277892112732
NCBI:100505530,0.18934935331344604,0.37524956464767456,0.7729930281639099,0.17730927467346191,0.3037462532520294,0.20730388164520264,0.9186058044433594
NCBI:400931,0.2817879915237427,0.42808613181114197,0.8654496669769287,0.2768791615962982,0.4585774540901184,0.3983379900455475,0.9392876625061035
NCBI:101929602,0.13749973475933075,0.42511409521102905,0.730080783367157,0.24629929661750793,0.18486766517162323,0.1650174856185913,0.7848590612411499
NCBI:101929741,0.12110012769699097,0.3108782172203064,0.7256061434745789,0.196194589138031,0.2012764811515808,0.17172400653362274,0.8215907216072083
NCBI:100505621,0.28889578580856323,0.3897234797477722,0.8761072754859924,0.27692222595214844,0.3270733058452606,0.2834447920322418,0.9372235536575317
NCBI:414208,0.11161153763532639,0.37495067715644836,0.7222608923912048,0.14100444316864014,0.1856803596019745,0.11956746131181717,0.8087441921234131
NCBI:729178,0.2640092968940735,0.39431291818618774,0.8827518224716187,0.32959383726119995,0.34373003244400024,0.3075827658176422,0.9097312092781067
NCBI:401253,0.28565821051597595,0.3880501091480255,0.8953742980957031,0.3195778429508209,0.42161911725997925,0.3775474727153778,0.941866934299469
NCBI:349114,0.38061070442199707,0.5300471782684326,0.8817023634910583,0.4071715772151947,0.5697519183158875,0.5136364102363586,0.9421849250793457
NCBI:101927659,0.13323713839054108,0.25342443585395813,0.7040368914604187,0.18369030952453613,0.22225548326969147,0.19259628653526306,0.757602334022522
NCBI:389791,0.5161035060882568,0.4775702953338623,0.9587116241455078,0.6260845065116882,0.5666167736053467,0.6036126017570496,0.9654067158699036
NCBI:103724390,0.1805870682001114,0.37225615978240967,0.8060428500175476,0.22237010300159454,0.22062592208385468,0.18716245889663696,0.8771497011184692
NCBI:100379251,0.2737530767917633,0.4209578037261963,0.8590156435966492,0.28428810834884644,0.30284583568573,0.2467442899942398,0.9272664785385132
NCBI:643253,0.1824062466621399,0.3905753791332245,0.8575810194015503,0.26882511377334595,0.26431429386138916,0.1911313831806183,0.8745288848876953
NCBI:101929123,0.15778660774230957,0.3552131652832031,0.7948474884033203,0.2048673778772354,0.2288195788860321,0.15846207737922668,0.8344472646713257
NCBI:100133612,0.38970544934272766,0.48995283246040344,0.965816080570221,0.5853853821754456,0.5669350028038025,0.5444346070289612,0.9614521861076355
NCBI:100506791,0.4417612552642822,0.5082669854164124,0.9203712940216064,0.5280296802520752,0.562511146068573,0.5352757573127747,0.955903947353363
NCBI:100506462,0.09835808724164963,0.3004641532897949,0.6947365999221802,0.13673920929431915,0.1730034500360489,0.12281732261180878,0.7708733081817627
NCBI:100861553,0.1191510558128357,0.24610207974910736,0.7008437514305115,0.1257384866476059,0.19207274913787842,0.16876772046089172,0.7515197992324829
NCBI:100506637,0.37811124324798584,0.38241422176361084,0.9297459721565247,0.4074021875858307,0.4256521463394165,0.4057401716709137,0.9517617225646973
NCBI:101929769,0.14138701558113098,0.5161728858947754,0.7790725231170654,0.21897880733013153,0.21140441298484802,0.14915192127227783,0.8836161494255066
NCBI:101928612,0.29648447036743164,0.4112686812877655,0.8845991492271423,0.32992684841156006,0.3850778341293335,0.3417476415634155,0.9373418688774109
NCBI:100287944,0.2930430769920349,0.4339500069618225,0.8748670220375061,0.376230925321579,0.364420622587204,0.3093958795070648,0.9179171323776245
NCBI:105377349,0.13147477805614471,0.22374318540096283,0.7048536539077759,0.11856603622436523,0.23407459259033203,0.20349156856536865,0.7391058802604675
NCBI:105373350,0.10866077989339828,0.3906099796295166,0.7299275994300842,0.10255739837884903,0.17343512177467346,0.11813390254974365,0.8813244104385376
NCBI:400579,0.5163957476615906,0.5650153756141663,0.9497745037078857,0.6359010338783264,0.5940804481506348,0.6030725836753845,0.9651574492454529
NCBI:106029310,0.23303042352199554,0.35688316822052,0.8617432117462158,0.2713306248188019,0.3097417652606964,0.27525535225868225,0.9264425039291382
NCBI:101927354,0.09962568432092667,0.27029862999916077,0.6958593130111694,0.11411979049444199,0.19311422109603882,0.1392154097557068,0.7552953958511353
NCBI:645687,0.3001139461994171,0.45874863862991333,0.8444997668266296,0.30458760261535645,0.36611276865005493,0.3166993260383606,0.9059827923774719
NCBI:100132707,0.20880019664764404,0.3682926893234253,0.8334828615188599,0.18812869489192963,0.2593037188053131,0.18638646602630615,0.8736947178840637
NCBI:642361,0.40415647625923157,0.5423460602760315,0.942758321762085,0.5586100220680237,0.5307154059410095,0.5122246146202087,0.9617716670036316
NCBI:105369865,0.559362530708313,0.5868574380874634,0.9222014546394348,0.6358965039253235,0.6484862565994263,0.6293745040893555,0.9542103409767151
NCBI:101978785,0.16866053640842438,0.3454628586769104,0.7446900010108948,0.22062432765960693,0.20436511933803558,0.1602015197277069,0.7970036268234253
NCBI:100874226,0.09803690016269684,0.3894927501678467,0.7269257307052612,0.12075985968112946,0.15495695173740387,0.09751620143651962,0.7879353761672974
NCBI:100128098,0.18620581924915314,0.3852757215499878,0.7908805012702942,0.28626662492752075,0.27450475096702576,0.22969438135623932,0.838863730430603
NCBI:400242,0.6224228739738464,0.5470601916313171,0.9710002541542053,0.7559696435928345,0.6989670395851135,0.7168563008308411,0.9705376029014587
NCBI:100302640,0.39439982175827026,0.49222010374069214,0.8848007321357727,0.5730707049369812,0.5054537057876587,0.502872109413147,0.9049385190010071
NCBI:645676,0.41614237427711487,0.5425746440887451,0.9260532259941101,0.584974467754364,0.47258260846138,0.4402565658092499,0.9600838422775269
NCBI:100885777,0.11557240039110184,0.3376806378364563,0.6962562203407288,0.137115940451622,0.1955123245716095,0.12241792678833008,0.7572923898696899
NCBI:387644,0.31606706976890564,0.4404965341091156,0.8507172465324402,0.28955569863319397,0.42042276263237,0.37063565850257874,0.9347432851791382
NCBI:101928992,0.29129037261009216,0.4309617280960083,0.8654572367668152,0.3116256296634674,0.4191898703575134,0.3689735233783722,0.9454497694969177
NCBI:104355290,0.1025785282254219,0.2513471841812134,0.6726714372634888,0.11857842653989792,0.17762364447116852,0.15173687040805817,0.7315335869789124
NCBI:124902629,0.2043602615594864,0.3863234221935272,0.8082305788993835,0.23392346501350403,0.2526984214782715,0.21126553416252136,0.8897392153739929
NCBI:101928694,0.29098448157310486,0.46976926922798157,0.848864734172821,0.3741508424282074,0.41013413667678833,0.365214467048645,0.9108964800834656
NCBI:145978,0.1335494965314865,0.3559986650943756,0.792181670665741,0.18534526228904724,0.21495462954044342,0.13888700306415558,0.8404459357261658
NCBI:100505583,0.14565883576869965,0.39271309971809387,0.745261013507843,0.15759171545505524,0.20075272023677826,0.13953331112861633,0.8253054618835449
NCBI:101929753,0.09082034230232239,0.32171711325645447,0.7077808380126953,0.11021861433982849,0.15469205379486084,0.10402005165815353,0.8070273399353027
NCBI:100129060,0.32947200536727905,0.3720439672470093,0.8978273272514343,0.2835378646850586,0.38909539580345154,0.36527177691459656,0.939172625541687
NCBI:100507600,0.2381669282913208,0.44743412733078003,0.8397321701049805,0.2882857024669647,0.3254285752773285,0.25776752829551697,0.8686508536338806
NCBI:729013,0.3735032379627228,0.4605048596858978,0.8860743641853333,0.43704819679260254,0.38654646277427673,0.373710572719574,0.9286689162254333
NCBI:100505879,0.24693217873573303,0.4122796952724457,0.7989092469215393,0.23673699796199799,0.3449292778968811,0.26252275705337524,0.9275352358818054
NCBI:728975,0.4580419659614563,0.5348770022392273,0.9449237585067749,0.5907547473907471,0.5730170607566833,0.5358295440673828,0.9651784300804138
NCBI:101927274,0.23739874362945557,0.42589154839515686,0.813469409942627,0.2404143363237381,0.2692054808139801,0.2186056226491928,0.872604250907898
NCBI:100126791,0.1886587142944336,0.40186774730682373,0.7806454300880432,0.24559840559959412,0.27809926867485046,0.2496218979358673,0.8632614612579346
NCBI:102467224,0.22596660256385803,0.4359912574291229,0.8439191579818726,0.36880823969841003,0.35985422134399414,0.3299919664859772,0.8889304995536804
NCBI:105369379,0.06580885499715805,0.42250633239746094,0.6027902960777283,0.03590069338679314,0.14847281575202942,0.06404145061969757,0.8708873987197876
NCBI:550643,0.2857505679130554,0.446114718914032,0.9069424271583557,0.47974440455436707,0.4568679928779602,0.46459537744522095,0.899715781211853
NCBI:101056700,0.14461977779865265,0.333280473947525,0.7916160225868225,0.3172879219055176,0.25976911187171936,0.270144522190094,0.7717399597167969
NCBI:102724827,0.2569757103919983,0.44244086742401123,0.8195342421531677,0.2639537453651428,0.31864482164382935,0.2655627131462097,0.9049606919288635
NCBI:139538,0.2583589553833008,0.44233939051628113,0.8672482371330261,0.33677777647972107,0.4106135070323944,0.34927281737327576,0.8957050442695618
NCBI:101928725,0.3154839277267456,0.46338173747062683,0.8490439653396606,0.4123409390449524,0.38130414485931396,0.37949734926223755,0.908585250377655
NCBI:10884,0.5520908832550049,0.580916166305542,0.9350348114967346,0.684440553188324,0.6502308249473572,0.6332593560218811,0.9589211940765381
NCBI:389023,0.479983389377594,0.4831359386444092,0.9523460865020752,0.6183182001113892,0.5365808010101318,0.5423972010612488,0.9636369347572327
NCBI:101929596,0.36541569232940674,0.42955610156059265,0.896500289440155,0.4473021924495697,0.4409998953342438,0.4244684875011444,0.948091447353363
NCBI:100874530,0.16616234183311462,0.35924258828163147,0.7596216201782227,0.1305033266544342,0.2796485424041748,0.18261608481407166,0.9180894494056702
NCBI:100133161,0.3390112519264221,0.5137903094291687,0.8892366886138916,0.3856247365474701,0.5598006844520569,0.49571341276168823,0.9463322758674622
NCBI:101929529,0.09084268659353256,0.2631535828113556,0.6645551919937134,0.11799988150596619,0.16162338852882385,0.13654181361198425,0.7075955867767334
NCBI:120883618,0.26861026883125305,0.3327850103378296,0.8704205751419067,0.2080691009759903,0.3476421535015106,0.32516974210739136,0.939910888671875
NCBI:106144538,0.36305010318756104,0.44342881441116333,0.9584726095199585,0.6109493970870972,0.5118178725242615,0.4984859824180603,0.9399303793907166
NCBI:101928372,0.35170868039131165,0.4526774287223816,0.896017849445343,0.3849088251590729,0.4046556055545807,0.3781494200229645,0.9412659406661987
NCBI:100507557,0.23440998792648315,0.36719751358032227,0.8442730903625488,0.3410017788410187,0.35123389959335327,0.32677578926086426,0.8800002932548523
NCBI:101927596,0.1899913102388382,0.4622156620025635,0.7822893857955933,0.26313862204551697,0.21598953008651733,0.18938590586185455,0.8514727354049683
NCBI:100505678,0.27116626501083374,0.4052737355232239,0.8081647753715515,0.291250616312027,0.3624587953090668,0.3242630660533905,0.8677722811698914
NCBI:100507283,0.5709125995635986,0.5205961465835571,0.9602816104888916,0.6720107197761536,0.6378477215766907,0.6649016737937927,0.9668247103691101
NCBI:100131434,0.4304809272289276,0.4588032364845276,0.9198849201202393,0.48046019673347473,0.507897138595581,0.5051658153533936,0.9483669400215149
NCBI:101928858,0.08240582793951035,0.35200047492980957,0.7442027926445007,0.12990514934062958,0.1585243046283722,0.09443436563014984,0.8198946714401245
NCBI:103456507,0.1155448630452156,0.3395211696624756,0.7188206911087036,0.18582963943481445,0.18879909813404083,0.13361981511116028,0.8221311569213867
NCBI:439941,0.19994227588176727,0.3818073272705078,0.8490213751792908,0.23397870361804962,0.27427566051483154,0.21161703765392303,0.8909129500389099
NCBI:101927117,0.639132022857666,0.6516633629798889,0.95969557762146,0.7604705095291138,0.7646145820617676,0.7171529531478882,0.9676225185394287
NCBI:150142,0.3417925536632538,0.4909493625164032,0.9548406004905701,0.5961953997612,0.5017746090888977,0.45018118619918823,0.9523479342460632
NCBI:105377338,0.052054066210985184,0.3443426489830017,0.6700706481933594,0.06131448224186897,0.1002834215760231,0.0579831525683403,0.7570750713348389
NCBI:100507530,0.4375652074813843,0.4984605312347412,0.8938363194465637,0.47618454694747925,0.5626745223999023,0.5732728838920593,0.9311729073524475
NCBI:105377602,0.056077033281326294,0.2959587574005127,0.7109023332595825,0.06779734045267105,0.14897175133228302,0.069725401699543,0.7501183748245239
NCBI:100874293,0.16716884076595306,0.19362486898899078,0.6453828811645508,0.15521681308746338,0.24676324427127838,0.2810903489589691,0.6621607542037964
NCBI:112577460,0.10418281704187393,0.4488639831542969,0.7235357761383057,0.12807756662368774,0.17527219653129578,0.10559902340173721,0.7607768177986145
NCBI:653080,0.4333271086215973,0.5040382742881775,0.9055147171020508,0.5073389410972595,0.5515236854553223,0.5239285230636597,0.9382143020629883
NCBI:101928684,0.4165598452091217,0.5241249203681946,0.8720623850822449,0.5277592539787292,0.5934426188468933,0.567537784576416,0.9253222942352295
NCBI:101928492,0.24873070418834686,0.35808655619621277,0.8432320356369019,0.24413734674453735,0.33104583621025085,0.27600982785224915,0.9356854557991028
NCBI:104326052,0.13366124033927917,0.42982468008995056,0.7588040232658386,0.16729934513568878,0.17731329798698425,0.1278086155653,0.829151451587677
NCBI:101928689,0.4482070803642273,0.5248690843582153,0.9136255383491516,0.5354019999504089,0.5669397115707397,0.5194903612136841,0.9581274390220642
NCBI:105377606,0.24111229181289673,0.4163745939731598,0.8235799074172974,0.33116352558135986,0.3044900596141815,0.28439727425575256,0.8772620558738708
NCBI:105370425,0.10174034535884857,0.28501415252685547,0.7047600746154785,0.11918643116950989,0.19064445793628693,0.12542560696601868,0.7602583169937134
NCBI:154822,0.38300344347953796,0.40889161825180054,0.9058201909065247,0.38363000750541687,0.49876269698143005,0.488700807094574,0.9466328620910645
NCBI:285987,0.19010353088378906,0.3992895483970642,0.8046025633811951,0.2491290271282196,0.28211522102355957,0.19565752148628235,0.8650391101837158
NCBI:100505477,0.16961707174777985,0.35449710488319397,0.7866969704627991,0.2589486539363861,0.2683102488517761,0.22566041350364685,0.8563682436943054
NCBI:105378738,0.11936020106077194,0.24179312586784363,0.6707051992416382,0.137271448969841,0.18691794574260712,0.18878313899040222,0.7143208384513855
NCBI:129810502,0.37517523765563965,0.4472334682941437,0.918745219707489,0.5015712380409241,0.46203771233558655,0.4371814429759979,0.9540054202079773
NCBI:101928345,0.5507186651229858,0.4722716510295868,0.9636529088020325,0.7026391625404358,0.6212329268455505,0.6488713026046753,0.954444408416748
NCBI:284191,0.24075764417648315,0.4356973469257355,0.8443241119384766,0.2763645648956299,0.31860414147377014,0.2632729411125183,0.897056519985199
NCBI:101926943,0.29092544317245483,0.4297061860561371,0.8551830649375916,0.35413146018981934,0.33214452862739563,0.3052673935890198,0.9057754874229431
